"ServiceDeliverySiteCode","TradeCode","NewRegistrations"
"4832A","240P",8
"4832A","241A",0
"4832A","244G",0
"4832A","244K",0
"4832A","245R",9
"4832A","246F",0
"4832A","246R",0
"4832A","246T",0
"4832A","253A",0
"4832A","253H",0
"4832A","255B",0
"4832A","259L",0
"4832A","268R",0
"4832A","269E",0
"4832A","274L",0
"4832A","277Z",0
"4832A","278B",0
"4832A","282E",0
"4832A","289F",0
"4832A","295A",0
"4832A","297A",0
"4832A","297B",0
"4832A","306A",38
"4832A","307A",0
"4832A","308A",19
"4832A","308R",0
"4832A","309A",41
"4832A","309C",6
"4832A","310B",11
"4832A","310D",0
"4832A","310E",0
"4832A","310G",0
"4832A","310J",0
"4832A","310K",0
"4832A","310Q",0
"4832A","310S",103
"4832A","310T",50
"4832A","313A",8
"4832A","313D",8
"4832A","332A",32
"4832A","339A",100
"4832A","339B",27
"4832A","339C",0
"4832A","401A",0
"4832A","403A",33
"4832A","404C",0
"4832A","404D",0
"4832A","410N",0
"4832A","415A",0
"4832A","415B",0
"4832A","415D",0
"4832A","420A",0
"4832A","421A",7
"4832A","423A",0
"4832A","423C",0
"4832A","424A",0
"4832A","425A",6
"4832A","426A",0
"4832A","427A",0
"4832A","428A",0
"4832A","429A",0
"4832A","430A",0
"4832A","430M",0
"4832A","431A",0
"4832A","433A",10
"4832A","434A",15
"4832A","435A",0
"4832A","435B",0
"4832A","437A",0
"4832A","438A",0
"4832A","441C",0
"4832A","442A",0
"4832A","443A",0
"4832A","444A",0
"4832A","444B",0
"4832A","445A",0
"4832A","446A",0
"4832A","447A",0
"4832A","448A",0
"4832A","449A",0
"4832A","450A",0
"4832A","451A",0
"4832A","452A",0
"4832A","453A",0
"4832A","456A",16
"4832A","456P",0
"4832A","600H",0
"4832A","600P",0
"4832A","602C",0
"4832A","606G",0
"4832A","614A",0
"4832A","617A",0
"4832A","620A",0
"4832A","620C",29
"4832A","620D",0
"4832A","620E",0
"4832A","630A",0
"4832A","630T",0
"4832A","631A",0
"4832A","634A",0
"4832A","634B",0
"4832A","634C",0
"4832A","634D",0
"4832A","634E",0
"4832A","636A",109
"4832A","636B",111
"4832A","636C",110
"4832A","636E",0
"4832A","637C",9
"4832A","638A",115
"4832A","670C",0
"4832A","690H",0
"3714C","240P",81
"3714C","241A",0
"3714C","244G",0
"3714C","244K",0
"3714C","245R",0
"3714C","246F",0
"3714C","246R",0
"3714C","246T",0
"3714C","253A",0
"3714C","253H",0
"3714C","255B",8
"3714C","259L",0
"3714C","268R",0
"3714C","269E",0
"3714C","274L",0
"3714C","277Z",0
"3714C","278B",0
"3714C","282E",0
"3714C","289F",0
"3714C","295A",0
"3714C","297A",0
"3714C","297B",0
"3714C","306A",114
"3714C","307A",0
"3714C","308A",9
"3714C","308R",0
"3714C","309A",147
"3714C","309C",7
"3714C","310B",17
"3714C","310D",0
"3714C","310E",0
"3714C","310G",0
"3714C","310J",0
"3714C","310K",0
"3714C","310Q",0
"3714C","310S",207
"3714C","310T",47
"3714C","313A",21
"3714C","313D",11
"3714C","332A",142
"3714C","339A",0
"3714C","339B",0
"3714C","339C",0
"3714C","401A",7
"3714C","403A",133
"3714C","404C",0
"3714C","404D",0
"3714C","410N",0
"3714C","415A",12
"3714C","415B",0
"3714C","415D",0
"3714C","420A",0
"3714C","421A",11
"3714C","423A",0
"3714C","423C",0
"3714C","424A",0
"3714C","425A",0
"3714C","426A",0
"3714C","427A",0
"3714C","428A",0
"3714C","429A",0
"3714C","430A",0
"3714C","430M",0
"3714C","431A",0
"3714C","433A",0
"3714C","434A",7
"3714C","435A",0
"3714C","435B",0
"3714C","437A",0
"3714C","438A",6
"3714C","441C",8
"3714C","442A",0
"3714C","443A",0
"3714C","444A",0
"3714C","444B",0
"3714C","445A",0
"3714C","446A",0
"3714C","447A",0
"3714C","448A",0
"3714C","449A",0
"3714C","450A",6
"3714C","451A",23
"3714C","452A",0
"3714C","453A",0
"3714C","456A",12
"3714C","456P",0
"3714C","600H",0
"3714C","600P",0
"3714C","602C",0
"3714C","606G",0
"3714C","614A",0
"3714C","617A",0
"3714C","620A",0
"3714C","620C",67
"3714C","620D",0
"3714C","620E",0
"3714C","630A",0
"3714C","630T",0
"3714C","631A",0
"3714C","634A",0
"3714C","634B",0
"3714C","634C",0
"3714C","634D",0
"3714C","634E",0
"3714C","636A",0
"3714C","636B",0
"3714C","636C",0
"3714C","636E",0
"3714C","637C",0
"3714C","638A",0
"3714C","670C",0
"3714C","690H",0
"3714G","240P",0
"3714G","241A",0
"3714G","244G",0
"3714G","244K",0
"3714G","245R",0
"3714G","246F",0
"3714G","246R",0
"3714G","246T",0
"3714G","253A",0
"3714G","253H",0
"3714G","255B",0
"3714G","259L",0
"3714G","268R",0
"3714G","269E",0
"3714G","274L",0
"3714G","277Z",0
"3714G","278B",0
"3714G","282E",0
"3714G","289F",0
"3714G","295A",0
"3714G","297A",0
"3714G","297B",0
"3714G","306A",15
"3714G","307A",0
"3714G","308A",0
"3714G","308R",0
"3714G","309A",38
"3714G","309C",0
"3714G","310B",7
"3714G","310D",0
"3714G","310E",0
"3714G","310G",0
"3714G","310J",0
"3714G","310K",0
"3714G","310Q",0
"3714G","310S",80
"3714G","310T",26
"3714G","313A",6
"3714G","313D",0
"3714G","332A",39
"3714G","339A",0
"3714G","339B",0
"3714G","339C",0
"3714G","401A",6
"3714G","403A",49
"3714G","404C",0
"3714G","404D",0
"3714G","410N",0
"3714G","415A",0
"3714G","415B",0
"3714G","415D",0
"3714G","420A",0
"3714G","421A",0
"3714G","423A",0
"3714G","423C",0
"3714G","424A",0
"3714G","425A",0
"3714G","426A",0
"3714G","427A",0
"3714G","428A",0
"3714G","429A",8
"3714G","430A",0
"3714G","430M",0
"3714G","431A",0
"3714G","433A",13
"3714G","434A",0
"3714G","435A",0
"3714G","435B",0
"3714G","437A",0
"3714G","438A",8
"3714G","441C",0
"3714G","442A",0
"3714G","443A",0
"3714G","444A",0
"3714G","444B",0
"3714G","445A",0
"3714G","446A",0
"3714G","447A",0
"3714G","448A",0
"3714G","449A",0
"3714G","450A",0
"3714G","451A",0
"3714G","452A",0
"3714G","453A",0
"3714G","456A",0
"3714G","456P",0
"3714G","600H",0
"3714G","600P",0
"3714G","602C",0
"3714G","606G",0
"3714G","614A",0
"3714G","617A",0
"3714G","620A",0
"3714G","620C",6
"3714G","620D",0
"3714G","620E",0
"3714G","630A",0
"3714G","630T",0
"3714G","631A",0
"3714G","634A",0
"3714G","634B",0
"3714G","634C",0
"3714G","634D",0
"3714G","634E",0
"3714G","636A",0
"3714G","636B",0
"3714G","636C",0
"3714G","636E",0
"3714G","637C",0
"3714G","638A",0
"3714G","670C",0
"3714G","690H",0
"4826A","240P",0
"4826A","241A",0
"4826A","244G",0
"4826A","244K",0
"4826A","245R",0
"4826A","246F",0
"4826A","246R",0
"4826A","246T",0
"4826A","253A",0
"4826A","253H",0
"4826A","255B",0
"4826A","259L",0
"4826A","268R",0
"4826A","269E",0
"4826A","274L",0
"4826A","277Z",0
"4826A","278B",0
"4826A","282E",0
"4826A","289F",0
"4826A","295A",0
"4826A","297A",0
"4826A","297B",0
"4826A","306A",24
"4826A","307A",0
"4826A","308A",21
"4826A","308R",0
"4826A","309A",96
"4826A","309C",0
"4826A","310B",9
"4826A","310D",0
"4826A","310E",0
"4826A","310G",0
"4826A","310J",0
"4826A","310K",0
"4826A","310Q",0
"4826A","310S",75
"4826A","310T",26
"4826A","313A",6
"4826A","313D",8
"4826A","332A",63
"4826A","339A",0
"4826A","339B",0
"4826A","339C",0
"4826A","401A",9
"4826A","403A",48
"4826A","404C",0
"4826A","404D",0
"4826A","410N",0
"4826A","415A",21
"4826A","415B",0
"4826A","415D",0
"4826A","420A",0
"4826A","421A",10
"4826A","423A",0
"4826A","423C",0
"4826A","424A",0
"4826A","425A",11
"4826A","426A",0
"4826A","427A",0
"4826A","428A",0
"4826A","429A",0
"4826A","430A",0
"4826A","430M",0
"4826A","431A",0
"4826A","433A",13
"4826A","434A",0
"4826A","435A",0
"4826A","435B",0
"4826A","437A",0
"4826A","438A",0
"4826A","441C",11
"4826A","442A",0
"4826A","443A",0
"4826A","444A",0
"4826A","444B",0
"4826A","445A",0
"4826A","446A",0
"4826A","447A",0
"4826A","448A",0
"4826A","449A",0
"4826A","450A",14
"4826A","451A",0
"4826A","452A",0
"4826A","453A",0
"4826A","456A",29
"4826A","456P",0
"4826A","600H",0
"4826A","600P",0
"4826A","602C",0
"4826A","606G",0
"4826A","614A",0
"4826A","617A",0
"4826A","620A",0
"4826A","620C",16
"4826A","620D",6
"4826A","620E",0
"4826A","630A",0
"4826A","630T",0
"4826A","631A",0
"4826A","634A",0
"4826A","634B",9
"4826A","634C",0
"4826A","634D",0
"4826A","634E",0
"4826A","636A",0
"4826A","636B",0
"4826A","636C",0
"4826A","636E",0
"4826A","637C",0
"4826A","638A",0
"4826A","670C",0
"4826A","690H",0
"4831A","240P",0
"4831A","241A",0
"4831A","244G",0
"4831A","244K",0
"4831A","245R",0
"4831A","246F",0
"4831A","246R",0
"4831A","246T",0
"4831A","253A",0
"4831A","253H",0
"4831A","255B",0
"4831A","259L",0
"4831A","268R",0
"4831A","269E",0
"4831A","274L",0
"4831A","277Z",0
"4831A","278B",0
"4831A","282E",0
"4831A","289F",0
"4831A","295A",0
"4831A","297A",0
"4831A","297B",0
"4831A","306A",21
"4831A","307A",0
"4831A","308A",8
"4831A","308R",0
"4831A","309A",38
"4831A","309C",0
"4831A","310B",0
"4831A","310D",0
"4831A","310E",0
"4831A","310G",0
"4831A","310J",0
"4831A","310K",0
"4831A","310Q",0
"4831A","310S",44
"4831A","310T",22
"4831A","313A",7
"4831A","313D",6
"4831A","332A",33
"4831A","339A",0
"4831A","339B",0
"4831A","339C",0
"4831A","401A",0
"4831A","403A",21
"4831A","404C",0
"4831A","404D",0
"4831A","410N",0
"4831A","415A",0
"4831A","415B",0
"4831A","415D",0
"4831A","420A",0
"4831A","421A",0
"4831A","423A",0
"4831A","423C",0
"4831A","424A",0
"4831A","425A",0
"4831A","426A",0
"4831A","427A",0
"4831A","428A",0
"4831A","429A",0
"4831A","430A",0
"4831A","430M",0
"4831A","431A",0
"4831A","433A",19
"4831A","434A",0
"4831A","435A",0
"4831A","435B",0
"4831A","437A",0
"4831A","438A",0
"4831A","441C",10
"4831A","442A",0
"4831A","443A",0
"4831A","444A",0
"4831A","444B",0
"4831A","445A",0
"4831A","446A",0
"4831A","447A",0
"4831A","448A",0
"4831A","449A",0
"4831A","450A",0
"4831A","451A",0
"4831A","452A",0
"4831A","453A",0
"4831A","456A",0
"4831A","456P",0
"4831A","600H",0
"4831A","600P",0
"4831A","602C",0
"4831A","606G",0
"4831A","614A",0
"4831A","617A",0
"4831A","620A",0
"4831A","620C",10
"4831A","620D",8
"4831A","620E",0
"4831A","630A",0
"4831A","630T",0
"4831A","631A",0
"4831A","634A",0
"4831A","634B",0
"4831A","634C",0
"4831A","634D",0
"4831A","634E",0
"4831A","636A",0
"4831A","636B",0
"4831A","636C",0
"4831A","636E",0
"4831A","637C",0
"4831A","638A",0
"4831A","670C",0
"4831A","690H",0
"4833A","240P",0
"4833A","241A",0
"4833A","244G",0
"4833A","244K",0
"4833A","245R",0
"4833A","246F",0
"4833A","246R",0
"4833A","246T",0
"4833A","253A",0
"4833A","253H",0
"4833A","255B",0
"4833A","259L",0
"4833A","268R",0
"4833A","269E",0
"4833A","274L",0
"4833A","277Z",0
"4833A","278B",0
"4833A","282E",0
"4833A","289F",0
"4833A","295A",0
"4833A","297A",0
"4833A","297B",0
"4833A","306A",24
"4833A","307A",0
"4833A","308A",0
"4833A","308R",0
"4833A","309A",71
"4833A","309C",0
"4833A","310B",9
"4833A","310D",0
"4833A","310E",0
"4833A","310G",0
"4833A","310J",0
"4833A","310K",0
"4833A","310Q",0
"4833A","310S",85
"4833A","310T",22
"4833A","313A",0
"4833A","313D",0
"4833A","332A",54
"4833A","339A",0
"4833A","339B",0
"4833A","339C",0
"4833A","401A",6
"4833A","403A",73
"4833A","404C",0
"4833A","404D",0
"4833A","410N",0
"4833A","415A",21
"4833A","415B",0
"4833A","415D",0
"4833A","420A",0
"4833A","421A",0
"4833A","423A",0
"4833A","423C",0
"4833A","424A",0
"4833A","425A",0
"4833A","426A",0
"4833A","427A",0
"4833A","428A",0
"4833A","429A",15
"4833A","430A",0
"4833A","430M",0
"4833A","431A",0
"4833A","433A",24
"4833A","434A",0
"4833A","435A",0
"4833A","435B",0
"4833A","437A",0
"4833A","438A",0
"4833A","441C",0
"4833A","442A",0
"4833A","443A",0
"4833A","444A",8
"4833A","444B",0
"4833A","445A",0
"4833A","446A",0
"4833A","447A",0
"4833A","448A",0
"4833A","449A",0
"4833A","450A",20
"4833A","451A",6
"4833A","452A",0
"4833A","453A",0
"4833A","456A",9
"4833A","456P",0
"4833A","600H",0
"4833A","600P",0
"4833A","602C",0
"4833A","606G",0
"4833A","614A",0
"4833A","617A",0
"4833A","620A",0
"4833A","620C",14
"4833A","620D",0
"4833A","620E",0
"4833A","630A",0
"4833A","630T",0
"4833A","631A",0
"4833A","634A",0
"4833A","634B",0
"4833A","634C",0
"4833A","634D",0
"4833A","634E",0
"4833A","636A",0
"4833A","636B",0
"4833A","636C",0
"4833A","636E",0
"4833A","637C",0
"4833A","638A",0
"4833A","670C",0
"4833A","690H",0
"4956A","240P",0
"4956A","241A",0
"4956A","244G",0
"4956A","244K",0
"4956A","245R",0
"4956A","246F",0
"4956A","246R",0
"4956A","246T",0
"4956A","253A",0
"4956A","253H",0
"4956A","255B",0
"4956A","259L",0
"4956A","268R",0
"4956A","269E",0
"4956A","274L",0
"4956A","277Z",0
"4956A","278B",0
"4956A","282E",0
"4956A","289F",0
"4956A","295A",0
"4956A","297A",0
"4956A","297B",0
"4956A","306A",87
"4956A","307A",22
"4956A","308A",0
"4956A","308R",0
"4956A","309A",140
"4956A","309C",0
"4956A","310B",18
"4956A","310D",0
"4956A","310E",0
"4956A","310G",7
"4956A","310J",6
"4956A","310K",0
"4956A","310Q",0
"4956A","310S",183
"4956A","310T",66
"4956A","313A",17
"4956A","313D",0
"4956A","332A",127
"4956A","339A",0
"4956A","339B",0
"4956A","339C",0
"4956A","401A",0
"4956A","403A",23
"4956A","404C",0
"4956A","404D",0
"4956A","410N",0
"4956A","415A",21
"4956A","415B",0
"4956A","415D",0
"4956A","420A",0
"4956A","421A",6
"4956A","423A",0
"4956A","423C",0
"4956A","424A",0
"4956A","425A",0
"4956A","426A",0
"4956A","427A",0
"4956A","428A",0
"4956A","429A",0
"4956A","430A",0
"4956A","430M",0
"4956A","431A",0
"4956A","433A",37
"4956A","434A",0
"4956A","435A",0
"4956A","435B",0
"4956A","437A",0
"4956A","438A",0
"4956A","441C",0
"4956A","442A",9
"4956A","443A",0
"4956A","444A",0
"4956A","444B",0
"4956A","445A",0
"4956A","446A",0
"4956A","447A",10
"4956A","448A",0
"4956A","449A",0
"4956A","450A",0
"4956A","451A",0
"4956A","452A",0
"4956A","453A",0
"4956A","456A",15
"4956A","456P",0
"4956A","600H",0
"4956A","600P",0
"4956A","602C",0
"4956A","606G",0
"4956A","614A",0
"4956A","617A",0
"4956A","620A",0
"4956A","620C",70
"4956A","620D",11
"4956A","620E",0
"4956A","630A",0
"4956A","630T",0
"4956A","631A",8
"4956A","634A",0
"4956A","634B",0
"4956A","634C",0
"4956A","634D",0
"4956A","634E",0
"4956A","636A",0
"4956A","636B",0
"4956A","636C",0
"4956A","636E",36
"4956A","637C",0
"4956A","638A",0
"4956A","670C",0
"4956A","690H",0
"3052A","240P",0
"3052A","241A",34
"3052A","244G",8
"3052A","244K",0
"3052A","245R",0
"3052A","246F",0
"3052A","246R",0
"3052A","246T",0
"3052A","253A",116
"3052A","253H",17
"3052A","255B",0
"3052A","259L",0
"3052A","268R",28
"3052A","269E",0
"3052A","274L",0
"3052A","277Z",0
"3052A","278B",0
"3052A","282E",0
"3052A","289F",0
"3052A","295A",0
"3052A","297A",0
"3052A","297B",0
"3052A","306A",89
"3052A","307A",0
"3052A","308A",30
"3052A","308R",0
"3052A","309A",661
"3052A","309C",0
"3052A","310B",23
"3052A","310D",0
"3052A","310E",0
"3052A","310G",7
"3052A","310J",0
"3052A","310K",0
"3052A","310Q",0
"3052A","310S",351
"3052A","310T",90
"3052A","313A",48
"3052A","313D",7
"3052A","332A",134
"3052A","339A",0
"3052A","339B",0
"3052A","339C",0
"3052A","401A",0
"3052A","403A",583
"3052A","404C",0
"3052A","404D",0
"3052A","410N",0
"3052A","415A",29
"3052A","415B",0
"3052A","415D",0
"3052A","420A",0
"3052A","421A",8
"3052A","423A",0
"3052A","423C",0
"3052A","424A",0
"3052A","425A",0
"3052A","426A",0
"3052A","427A",123
"3052A","428A",0
"3052A","429A",16
"3052A","430A",26
"3052A","430M",0
"3052A","431A",0
"3052A","433A",20
"3052A","434A",35
"3052A","435A",0
"3052A","435B",0
"3052A","437A",0
"3052A","438A",0
"3052A","441C",6
"3052A","442A",16
"3052A","443A",0
"3052A","444A",14
"3052A","444B",0
"3052A","445A",0
"3052A","446A",0
"3052A","447A",0
"3052A","448A",30
"3052A","449A",0
"3052A","450A",68
"3052A","451A",137
"3052A","452A",0
"3052A","453A",56
"3052A","456A",0
"3052A","456P",0
"3052A","600H",0
"3052A","600P",0
"3052A","602C",0
"3052A","606G",0
"3052A","614A",0
"3052A","617A",0
"3052A","620A",16
"3052A","620C",222
"3052A","620D",6
"3052A","620E",0
"3052A","630A",0
"3052A","630T",0
"3052A","631A",6
"3052A","634A",0
"3052A","634B",0
"3052A","634C",17
"3052A","634D",0
"3052A","634E",0
"3052A","636A",0
"3052A","636B",0
"3052A","636C",0
"3052A","636E",20
"3052A","637C",0
"3052A","638A",0
"3052A","670C",0
"3052A","690H",0
"4949A","240P",14
"4949A","241A",0
"4949A","244G",6
"4949A","244K",0
"4949A","245R",0
"4949A","246F",0
"4949A","246R",0
"4949A","246T",0
"4949A","253A",0
"4949A","253H",0
"4949A","255B",0
"4949A","259L",0
"4949A","268R",6
"4949A","269E",6
"4949A","274L",0
"4949A","277Z",0
"4949A","278B",0
"4949A","282E",0
"4949A","289F",28
"4949A","295A",0
"4949A","297A",0
"4949A","297B",0
"4949A","306A",336
"4949A","307A",49
"4949A","308A",120
"4949A","308R",0
"4949A","309A",544
"4949A","309C",0
"4949A","310B",36
"4949A","310D",0
"4949A","310E",0
"4949A","310G",0
"4949A","310J",0
"4949A","310K",0
"4949A","310Q",0
"4949A","310S",459
"4949A","310T",104
"4949A","313A",39
"4949A","313D",7
"4949A","332A",304
"4949A","339A",9
"4949A","339B",0
"4949A","339C",0
"4949A","401A",28
"4949A","403A",30
"4949A","404C",31
"4949A","404D",0
"4949A","410N",0
"4949A","415A",69
"4949A","415B",0
"4949A","415D",0
"4949A","420A",56
"4949A","421A",18
"4949A","423A",6
"4949A","423C",21
"4949A","424A",70
"4949A","425A",0
"4949A","426A",134
"4949A","427A",0
"4949A","428A",0
"4949A","429A",0
"4949A","430A",9
"4949A","430M",0
"4949A","431A",0
"4949A","433A",23
"4949A","434A",86
"4949A","435A",0
"4949A","435B",0
"4949A","437A",0
"4949A","438A",0
"4949A","441C",18
"4949A","442A",12
"4949A","443A",0
"4949A","444A",30
"4949A","444B",0
"4949A","445A",0
"4949A","446A",0
"4949A","447A",0
"4949A","448A",0
"4949A","449A",7
"4949A","450A",82
"4949A","451A",0
"4949A","452A",41
"4949A","453A",0
"4949A","456A",20
"4949A","456P",0
"4949A","600H",0
"4949A","600P",0
"4949A","602C",0
"4949A","606G",0
"4949A","614A",0
"4949A","617A",0
"4949A","620A",23
"4949A","620C",203
"4949A","620D",10
"4949A","620E",18
"4949A","630A",0
"4949A","630T",0
"4949A","631A",0
"4949A","634A",0
"4949A","634B",0
"4949A","634C",8
"4949A","634D",0
"4949A","634E",7
"4949A","636A",0
"4949A","636B",0
"4949A","636C",0
"4949A","636E",23
"4949A","637C",0
"4949A","638A",0
"4949A","670C",0
"4949A","690H",0
"3314A","240P",0
"3314A","241A",0
"3314A","244G",0
"3314A","244K",0
"3314A","245R",0
"3314A","246F",0
"3314A","246R",0
"3314A","246T",0
"3314A","253A",0
"3314A","253H",0
"3314A","255B",0
"3314A","259L",0
"3314A","268R",0
"3314A","269E",0
"3314A","274L",0
"3314A","277Z",0
"3314A","278B",0
"3314A","282E",0
"3314A","289F",0
"3314A","295A",0
"3314A","297A",0
"3314A","297B",0
"3314A","306A",96
"3314A","307A",0
"3314A","308A",16
"3314A","308R",0
"3314A","309A",426
"3314A","309C",0
"3314A","310B",27
"3314A","310D",0
"3314A","310E",0
"3314A","310G",0
"3314A","310J",25
"3314A","310K",0
"3314A","310Q",0
"3314A","310S",449
"3314A","310T",202
"3314A","313A",186
"3314A","313D",30
"3314A","332A",205
"3314A","339A",0
"3314A","339B",0
"3314A","339C",0
"3314A","401A",7
"3314A","403A",26
"3314A","404C",0
"3314A","404D",0
"3314A","410N",0
"3314A","415A",36
"3314A","415B",0
"3314A","415D",8
"3314A","420A",0
"3314A","421A",21
"3314A","423A",8
"3314A","423C",0
"3314A","424A",0
"3314A","425A",0
"3314A","426A",0
"3314A","427A",0
"3314A","428A",55
"3314A","429A",38
"3314A","430A",27
"3314A","430M",0
"3314A","431A",0
"3314A","433A",65
"3314A","434A",12
"3314A","435A",0
"3314A","435B",0
"3314A","437A",0
"3314A","438A",7
"3314A","441C",12
"3314A","442A",25
"3314A","443A",0
"3314A","444A",19
"3314A","444B",0
"3314A","445A",0
"3314A","446A",0
"3314A","447A",0
"3314A","448A",0
"3314A","449A",0
"3314A","450A",0
"3314A","451A",0
"3314A","452A",0
"3314A","453A",0
"3314A","456A",0
"3314A","456P",44
"3314A","600H",0
"3314A","600P",0
"3314A","602C",0
"3314A","606G",0
"3314A","614A",0
"3314A","617A",0
"3314A","620A",7
"3314A","620C",46
"3314A","620D",0
"3314A","620E",9
"3314A","630A",0
"3314A","630T",0
"3314A","631A",0
"3314A","634A",0
"3314A","634B",0
"3314A","634C",13
"3314A","634D",0
"3314A","634E",0
"3314A","636A",0
"3314A","636B",0
"3314A","636C",0
"3314A","636E",7
"3314A","637C",0
"3314A","638A",60
"3314A","670C",0
"3314A","690H",0
"3273A","240P",0
"3273A","241A",0
"3273A","244G",0
"3273A","244K",0
"3273A","245R",0
"3273A","246F",0
"3273A","246R",0
"3273A","246T",0
"3273A","253A",0
"3273A","253H",0
"3273A","255B",0
"3273A","259L",0
"3273A","268R",0
"3273A","269E",0
"3273A","274L",0
"3273A","277Z",0
"3273A","278B",0
"3273A","282E",0
"3273A","289F",0
"3273A","295A",0
"3273A","297A",0
"3273A","297B",0
"3273A","306A",120
"3273A","307A",23
"3273A","308A",37
"3273A","308R",0
"3273A","309A",298
"3273A","309C",0
"3273A","310B",28
"3273A","310D",0
"3273A","310E",0
"3273A","310G",9
"3273A","310J",15
"3273A","310K",0
"3273A","310Q",0
"3273A","310S",267
"3273A","310T",141
"3273A","313A",30
"3273A","313D",19
"3273A","332A",165
"3273A","339A",0
"3273A","339B",0
"3273A","339C",0
"3273A","401A",16
"3273A","403A",75
"3273A","404C",0
"3273A","404D",0
"3273A","410N",0
"3273A","415A",28
"3273A","415B",0
"3273A","415D",0
"3273A","420A",0
"3273A","421A",13
"3273A","423A",0
"3273A","423C",0
"3273A","424A",0
"3273A","425A",9
"3273A","426A",0
"3273A","427A",0
"3273A","428A",0
"3273A","429A",48
"3273A","430A",18
"3273A","430M",9
"3273A","431A",0
"3273A","433A",158
"3273A","434A",20
"3273A","435A",0
"3273A","435B",0
"3273A","437A",9
"3273A","438A",0
"3273A","441C",0
"3273A","442A",70
"3273A","443A",0
"3273A","444A",11
"3273A","444B",0
"3273A","445A",0
"3273A","446A",0
"3273A","447A",10
"3273A","448A",0
"3273A","449A",9
"3273A","450A",0
"3273A","451A",7
"3273A","452A",0
"3273A","453A",0
"3273A","456A",24
"3273A","456P",0
"3273A","600H",0
"3273A","600P",0
"3273A","602C",0
"3273A","606G",0
"3273A","614A",0
"3273A","617A",0
"3273A","620A",0
"3273A","620C",53
"3273A","620D",23
"3273A","620E",0
"3273A","630A",0
"3273A","630T",0
"3273A","631A",0
"3273A","634A",0
"3273A","634B",0
"3273A","634C",11
"3273A","634D",0
"3273A","634E",0
"3273A","636A",0
"3273A","636B",0
"3273A","636C",0
"3273A","636E",8
"3273A","637C",0
"3273A","638A",329
"3273A","670C",0
"3273A","690H",0
"3060A","240P",0
"3060A","241A",0
"3060A","244G",12
"3060A","244K",0
"3060A","245R",0
"3060A","246F",0
"3060A","246R",0
"3060A","246T",0
"3060A","253A",0
"3060A","253H",0
"3060A","255B",0
"3060A","259L",0
"3060A","268R",0
"3060A","269E",0
"3060A","274L",0
"3060A","277Z",0
"3060A","278B",0
"3060A","282E",0
"3060A","289F",0
"3060A","295A",0
"3060A","297A",0
"3060A","297B",0
"3060A","306A",62
"3060A","307A",0
"3060A","308A",16
"3060A","308R",0
"3060A","309A",102
"3060A","309C",0
"3060A","310B",8
"3060A","310D",0
"3060A","310E",0
"3060A","310G",0
"3060A","310J",0
"3060A","310K",0
"3060A","310Q",0
"3060A","310S",146
"3060A","310T",50
"3060A","313A",18
"3060A","313D",8
"3060A","332A",94
"3060A","339A",0
"3060A","339B",0
"3060A","339C",0
"3060A","401A",0
"3060A","403A",45
"3060A","404C",0
"3060A","404D",9
"3060A","410N",0
"3060A","415A",27
"3060A","415B",0
"3060A","415D",0
"3060A","420A",66
"3060A","421A",12
"3060A","423A",0
"3060A","423C",0
"3060A","424A",0
"3060A","425A",0
"3060A","426A",0
"3060A","427A",0
"3060A","428A",0
"3060A","429A",18
"3060A","430A",0
"3060A","430M",0
"3060A","431A",0
"3060A","433A",96
"3060A","434A",0
"3060A","435A",0
"3060A","435B",0
"3060A","437A",17
"3060A","438A",0
"3060A","441C",11
"3060A","442A",67
"3060A","443A",0
"3060A","444A",0
"3060A","444B",13
"3060A","445A",0
"3060A","446A",0
"3060A","447A",0
"3060A","448A",0
"3060A","449A",0
"3060A","450A",37
"3060A","451A",7
"3060A","452A",30
"3060A","453A",0
"3060A","456A",6
"3060A","456P",0
"3060A","600H",0
"3060A","600P",0
"3060A","602C",0
"3060A","606G",0
"3060A","614A",0
"3060A","617A",0
"3060A","620A",36
"3060A","620C",92
"3060A","620D",6
"3060A","620E",0
"3060A","630A",0
"3060A","630T",0
"3060A","631A",0
"3060A","634A",0
"3060A","634B",0
"3060A","634C",0
"3060A","634D",0
"3060A","634E",0
"3060A","636A",0
"3060A","636B",0
"3060A","636C",0
"3060A","636E",11
"3060A","637C",0
"3060A","638A",0
"3060A","670C",0
"3060A","690H",0
"4464A","240P",0
"4464A","241A",0
"4464A","244G",0
"4464A","244K",0
"4464A","245R",0
"4464A","246F",0
"4464A","246R",0
"4464A","246T",0
"4464A","253A",0
"4464A","253H",0
"4464A","255B",0
"4464A","259L",0
"4464A","268R",0
"4464A","269E",0
"4464A","274L",0
"4464A","277Z",0
"4464A","278B",0
"4464A","282E",0
"4464A","289F",0
"4464A","295A",0
"4464A","297A",0
"4464A","297B",0
"4464A","306A",28
"4464A","307A",0
"4464A","308A",19
"4464A","308R",0
"4464A","309A",110
"4464A","309C",0
"4464A","310B",9
"4464A","310D",0
"4464A","310E",0
"4464A","310G",0
"4464A","310J",0
"4464A","310K",0
"4464A","310Q",0
"4464A","310S",152
"4464A","310T",40
"4464A","313A",20
"4464A","313D",10
"4464A","332A",79
"4464A","339A",0
"4464A","339B",0
"4464A","339C",0
"4464A","401A",0
"4464A","403A",38
"4464A","404C",0
"4464A","404D",0
"4464A","410N",0
"4464A","415A",49
"4464A","415B",0
"4464A","415D",0
"4464A","420A",0
"4464A","421A",0
"4464A","423A",0
"4464A","423C",0
"4464A","424A",0
"4464A","425A",0
"4464A","426A",0
"4464A","427A",0
"4464A","428A",0
"4464A","429A",29
"4464A","430A",0
"4464A","430M",0
"4464A","431A",0
"4464A","433A",25
"4464A","434A",0
"4464A","435A",0
"4464A","435B",0
"4464A","437A",11
"4464A","438A",8
"4464A","441C",16
"4464A","442A",0
"4464A","443A",0
"4464A","444A",13
"4464A","444B",0
"4464A","445A",0
"4464A","446A",0
"4464A","447A",0
"4464A","448A",0
"4464A","449A",0
"4464A","450A",0
"4464A","451A",0
"4464A","452A",0
"4464A","453A",0
"4464A","456A",7
"4464A","456P",0
"4464A","600H",11
"4464A","600P",0
"4464A","602C",0
"4464A","606G",0
"4464A","614A",0
"4464A","617A",0
"4464A","620A",0
"4464A","620C",9
"4464A","620D",0
"4464A","620E",9
"4464A","630A",0
"4464A","630T",0
"4464A","631A",0
"4464A","634A",0
"4464A","634B",0
"4464A","634C",0
"4464A","634D",0
"4464A","634E",136
"4464A","636A",0
"4464A","636B",0
"4464A","636C",0
"4464A","636E",0
"4464A","637C",0
"4464A","638A",21
"4464A","670C",0
"4464A","690H",0
"4827A","240P",0
"4827A","241A",0
"4827A","244G",0
"4827A","244K",0
"4827A","245R",0
"4827A","246F",0
"4827A","246R",0
"4827A","246T",0
"4827A","253A",0
"4827A","253H",0
"4827A","255B",0
"4827A","259L",0
"4827A","268R",0
"4827A","269E",0
"4827A","274L",0
"4827A","277Z",0
"4827A","278B",0
"4827A","282E",0
"4827A","289F",0
"4827A","295A",0
"4827A","297A",0
"4827A","297B",0
"4827A","306A",23
"4827A","307A",14
"4827A","308A",14
"4827A","308R",0
"4827A","309A",51
"4827A","309C",0
"4827A","310B",9
"4827A","310D",0
"4827A","310E",0
"4827A","310G",0
"4827A","310J",0
"4827A","310K",0
"4827A","310Q",0
"4827A","310S",100
"4827A","310T",30
"4827A","313A",18
"4827A","313D",0
"4827A","332A",43
"4827A","339A",0
"4827A","339B",0
"4827A","339C",0
"4827A","401A",0
"4827A","403A",14
"4827A","404C",0
"4827A","404D",0
"4827A","410N",0
"4827A","415A",8
"4827A","415B",0
"4827A","415D",0
"4827A","420A",0
"4827A","421A",0
"4827A","423A",0
"4827A","423C",0
"4827A","424A",0
"4827A","425A",6
"4827A","426A",0
"4827A","427A",0
"4827A","428A",0
"4827A","429A",9
"4827A","430A",0
"4827A","430M",0
"4827A","431A",0
"4827A","433A",36
"4827A","434A",0
"4827A","435A",0
"4827A","435B",0
"4827A","437A",0
"4827A","438A",0
"4827A","441C",0
"4827A","442A",10
"4827A","443A",0
"4827A","444A",0
"4827A","444B",0
"4827A","445A",0
"4827A","446A",0
"4827A","447A",0
"4827A","448A",0
"4827A","449A",0
"4827A","450A",0
"4827A","451A",0
"4827A","452A",0
"4827A","453A",0
"4827A","456A",20
"4827A","456P",0
"4827A","600H",0
"4827A","600P",0
"4827A","602C",0
"4827A","606G",0
"4827A","614A",0
"4827A","617A",0
"4827A","620A",0
"4827A","620C",14
"4827A","620D",6
"4827A","620E",0
"4827A","630A",0
"4827A","630T",0
"4827A","631A",0
"4827A","634A",0
"4827A","634B",0
"4827A","634C",0
"4827A","634D",0
"4827A","634E",0
"4827A","636A",0
"4827A","636B",0
"4827A","636C",0
"4827A","636E",0
"4827A","637C",0
"4827A","638A",11
"4827A","670C",0
"4827A","690H",0
"4757A","240P",0
"4757A","241A",0
"4757A","244G",11
"4757A","244K",0
"4757A","245R",0
"4757A","246F",0
"4757A","246R",0
"4757A","246T",0
"4757A","253A",0
"4757A","253H",0
"4757A","255B",0
"4757A","259L",0
"4757A","268R",0
"4757A","269E",0
"4757A","274L",0
"4757A","277Z",0
"4757A","278B",0
"4757A","282E",0
"4757A","289F",0
"4757A","295A",0
"4757A","297A",0
"4757A","297B",0
"4757A","306A",72
"4757A","307A",0
"4757A","308A",35
"4757A","308R",0
"4757A","309A",197
"4757A","309C",0
"4757A","310B",24
"4757A","310D",0
"4757A","310E",0
"4757A","310G",8
"4757A","310J",8
"4757A","310K",0
"4757A","310Q",0
"4757A","310S",246
"4757A","310T",113
"4757A","313A",13
"4757A","313D",19
"4757A","332A",160
"4757A","339A",6
"4757A","339B",0
"4757A","339C",0
"4757A","401A",17
"4757A","403A",60
"4757A","404C",0
"4757A","404D",0
"4757A","410N",0
"4757A","415A",43
"4757A","415B",0
"4757A","415D",6
"4757A","420A",0
"4757A","421A",13
"4757A","423A",0
"4757A","423C",0
"4757A","424A",0
"4757A","425A",10
"4757A","426A",0
"4757A","427A",0
"4757A","428A",0
"4757A","429A",54
"4757A","430A",38
"4757A","430M",0
"4757A","431A",0
"4757A","433A",75
"4757A","434A",0
"4757A","435A",0
"4757A","435B",0
"4757A","437A",0
"4757A","438A",7
"4757A","441C",0
"4757A","442A",35
"4757A","443A",0
"4757A","444A",0
"4757A","444B",0
"4757A","445A",0
"4757A","446A",0
"4757A","447A",0
"4757A","448A",0
"4757A","449A",0
"4757A","450A",17
"4757A","451A",7
"4757A","452A",0
"4757A","453A",0
"4757A","456A",23
"4757A","456P",0
"4757A","600H",0
"4757A","600P",0
"4757A","602C",0
"4757A","606G",0
"4757A","614A",0
"4757A","617A",0
"4757A","620A",0
"4757A","620C",61
"4757A","620D",17
"4757A","620E",0
"4757A","630A",0
"4757A","630T",0
"4757A","631A",0
"4757A","634A",0
"4757A","634B",0
"4757A","634C",0
"4757A","634D",0
"4757A","634E",0
"4757A","636A",0
"4757A","636B",0
"4757A","636C",0
"4757A","636E",0
"4757A","637C",0
"4757A","638A",139
"4757A","670C",0
"4757A","690H",0
"3019C","240P",0
"3019C","241A",0
"3019C","244G",0
"3019C","244K",0
"3019C","245R",0
"3019C","246F",0
"3019C","246R",0
"3019C","246T",6
"3019C","253A",0
"3019C","253H",0
"3019C","255B",0
"3019C","259L",0
"3019C","268R",0
"3019C","269E",0
"3019C","274L",0
"3019C","277Z",0
"3019C","278B",0
"3019C","282E",0
"3019C","289F",0
"3019C","295A",0
"3019C","297A",0
"3019C","297B",0
"3019C","306A",35
"3019C","307A",0
"3019C","308A",18
"3019C","308R",0
"3019C","309A",140
"3019C","309C",0
"3019C","310B",11
"3019C","310D",0
"3019C","310E",0
"3019C","310G",0
"3019C","310J",0
"3019C","310K",0
"3019C","310Q",0
"3019C","310S",113
"3019C","310T",85
"3019C","313A",12
"3019C","313D",6
"3019C","332A",124
"3019C","339A",0
"3019C","339B",0
"3019C","339C",0
"3019C","401A",0
"3019C","403A",31
"3019C","404C",0
"3019C","404D",0
"3019C","410N",0
"3019C","415A",51
"3019C","415B",0
"3019C","415D",0
"3019C","420A",33
"3019C","421A",0
"3019C","423A",0
"3019C","423C",0
"3019C","424A",0
"3019C","425A",0
"3019C","426A",0
"3019C","427A",0
"3019C","428A",0
"3019C","429A",171
"3019C","430A",41
"3019C","430M",0
"3019C","431A",39
"3019C","433A",69
"3019C","434A",0
"3019C","435A",0
"3019C","435B",0
"3019C","437A",0
"3019C","438A",0
"3019C","441C",0
"3019C","442A",72
"3019C","443A",0
"3019C","444A",0
"3019C","444B",0
"3019C","445A",0
"3019C","446A",0
"3019C","447A",0
"3019C","448A",0
"3019C","449A",0
"3019C","450A",23
"3019C","451A",0
"3019C","452A",0
"3019C","453A",0
"3019C","456A",12
"3019C","456P",0
"3019C","600H",0
"3019C","600P",0
"3019C","602C",0
"3019C","606G",0
"3019C","614A",0
"3019C","617A",0
"3019C","620A",0
"3019C","620C",21
"3019C","620D",0
"3019C","620E",0
"3019C","630A",0
"3019C","630T",0
"3019C","631A",0
"3019C","634A",0
"3019C","634B",0
"3019C","634C",0
"3019C","634D",0
"3019C","634E",0
"3019C","636A",0
"3019C","636B",0
"3019C","636C",0
"3019C","636E",0
"3019C","637C",0
"3019C","638A",0
"3019C","670C",0
"3019C","690H",0
"4542A","240P",0
"4542A","241A",0
"4542A","244G",0
"4542A","244K",0
"4542A","245R",0
"4542A","246F",33
"4542A","246R",8
"4542A","246T",0
"4542A","253A",0
"4542A","253H",0
"4542A","255B",0
"4542A","259L",0
"4542A","268R",0
"4542A","269E",0
"4542A","274L",0
"4542A","277Z",0
"4542A","278B",0
"4542A","282E",0
"4542A","289F",0
"4542A","295A",0
"4542A","297A",0
"4542A","297B",0
"4542A","306A",8
"4542A","307A",22
"4542A","308A",0
"4542A","308R",0
"4542A","309A",37
"4542A","309C",0
"4542A","310B",0
"4542A","310D",0
"4542A","310E",0
"4542A","310G",0
"4542A","310J",0
"4542A","310K",0
"4542A","310Q",0
"4542A","310S",27
"4542A","310T",17
"4542A","313A",0
"4542A","313D",0
"4542A","332A",39
"4542A","339A",0
"4542A","339B",0
"4542A","339C",0
"4542A","401A",0
"4542A","403A",11
"4542A","404C",0
"4542A","404D",6
"4542A","410N",0
"4542A","415A",10
"4542A","415B",0
"4542A","415D",0
"4542A","420A",0
"4542A","421A",0
"4542A","423A",0
"4542A","423C",0
"4542A","424A",0
"4542A","425A",0
"4542A","426A",0
"4542A","427A",0
"4542A","428A",0
"4542A","429A",32
"4542A","430A",0
"4542A","430M",0
"4542A","431A",0
"4542A","433A",28
"4542A","434A",0
"4542A","435A",0
"4542A","435B",0
"4542A","437A",0
"4542A","438A",0
"4542A","441C",0
"4542A","442A",0
"4542A","443A",0
"4542A","444A",6
"4542A","444B",0
"4542A","445A",0
"4542A","446A",0
"4542A","447A",20
"4542A","448A",0
"4542A","449A",0
"4542A","450A",30
"4542A","451A",0
"4542A","452A",0
"4542A","453A",0
"4542A","456A",13
"4542A","456P",0
"4542A","600H",0
"4542A","600P",0
"4542A","602C",0
"4542A","606G",0
"4542A","614A",0
"4542A","617A",0
"4542A","620A",0
"4542A","620C",7
"4542A","620D",0
"4542A","620E",0
"4542A","630A",0
"4542A","630T",0
"4542A","631A",0
"4542A","634A",0
"4542A","634B",0
"4542A","634C",0
"4542A","634D",0
"4542A","634E",21
"4542A","636A",0
"4542A","636B",0
"4542A","636C",0
"4542A","636E",0
"4542A","637C",0
"4542A","638A",0
"4542A","670C",0
"4542A","690H",0
"4823A","240P",0
"4823A","241A",0
"4823A","244G",0
"4823A","244K",0
"4823A","245R",0
"4823A","246F",0
"4823A","246R",36
"4823A","246T",0
"4823A","253A",0
"4823A","253H",0
"4823A","255B",0
"4823A","259L",0
"4823A","268R",0
"4823A","269E",0
"4823A","274L",0
"4823A","277Z",0
"4823A","278B",0
"4823A","282E",0
"4823A","289F",0
"4823A","295A",0
"4823A","297A",0
"4823A","297B",0
"4823A","306A",36
"4823A","307A",0
"4823A","308A",15
"4823A","308R",0
"4823A","309A",92
"4823A","309C",0
"4823A","310B",11
"4823A","310D",0
"4823A","310E",0
"4823A","310G",0
"4823A","310J",0
"4823A","310K",0
"4823A","310Q",0
"4823A","310S",99
"4823A","310T",57
"4823A","313A",18
"4823A","313D",9
"4823A","332A",41
"4823A","339A",0
"4823A","339B",0
"4823A","339C",0
"4823A","401A",22
"4823A","403A",87
"4823A","404C",0
"4823A","404D",0
"4823A","410N",0
"4823A","415A",77
"4823A","415B",0
"4823A","415D",0
"4823A","420A",0
"4823A","421A",0
"4823A","423A",0
"4823A","423C",0
"4823A","424A",0
"4823A","425A",26
"4823A","426A",0
"4823A","427A",0
"4823A","428A",0
"4823A","429A",0
"4823A","430A",0
"4823A","430M",0
"4823A","431A",0
"4823A","433A",50
"4823A","434A",8
"4823A","435A",0
"4823A","435B",0
"4823A","437A",0
"4823A","438A",0
"4823A","441C",0
"4823A","442A",7
"4823A","443A",0
"4823A","444A",0
"4823A","444B",0
"4823A","445A",0
"4823A","446A",0
"4823A","447A",0
"4823A","448A",0
"4823A","449A",0
"4823A","450A",0
"4823A","451A",0
"4823A","452A",0
"4823A","453A",0
"4823A","456A",21
"4823A","456P",0
"4823A","600H",0
"4823A","600P",0
"4823A","602C",0
"4823A","606G",0
"4823A","614A",0
"4823A","617A",0
"4823A","620A",0
"4823A","620C",34
"4823A","620D",8
"4823A","620E",7
"4823A","630A",0
"4823A","630T",0
"4823A","631A",0
"4823A","634A",0
"4823A","634B",0
"4823A","634C",0
"4823A","634D",0
"4823A","634E",0
"4823A","636A",0
"4823A","636B",0
"4823A","636C",0
"4823A","636E",0
"4823A","637C",0
"4823A","638A",14
"4823A","670C",0
"4823A","690H",0
"4954A","240P",0
"4954A","241A",0
"4954A","244G",0
"4954A","244K",0
"4954A","245R",0
"4954A","246F",0
"4954A","246R",0
"4954A","246T",0
"4954A","253A",0
"4954A","253H",0
"4954A","255B",0
"4954A","259L",0
"4954A","268R",0
"4954A","269E",0
"4954A","274L",0
"4954A","277Z",0
"4954A","278B",0
"4954A","282E",0
"4954A","289F",0
"4954A","295A",0
"4954A","297A",0
"4954A","297B",0
"4954A","306A",37
"4954A","307A",0
"4954A","308A",14
"4954A","308R",0
"4954A","309A",151
"4954A","309C",0
"4954A","310B",20
"4954A","310D",0
"4954A","310E",0
"4954A","310G",6
"4954A","310J",0
"4954A","310K",0
"4954A","310Q",0
"4954A","310S",157
"4954A","310T",69
"4954A","313A",17
"4954A","313D",6
"4954A","332A",100
"4954A","339A",0
"4954A","339B",0
"4954A","339C",0
"4954A","401A",6
"4954A","403A",49
"4954A","404C",0
"4954A","404D",0
"4954A","410N",0
"4954A","415A",20
"4954A","415B",0
"4954A","415D",0
"4954A","420A",0
"4954A","421A",10
"4954A","423A",0
"4954A","423C",0
"4954A","424A",0
"4954A","425A",0
"4954A","426A",0
"4954A","427A",0
"4954A","428A",0
"4954A","429A",38
"4954A","430A",16
"4954A","430M",0
"4954A","431A",0
"4954A","433A",8
"4954A","434A",0
"4954A","435A",0
"4954A","435B",7
"4954A","437A",0
"4954A","438A",0
"4954A","441C",0
"4954A","442A",8
"4954A","443A",0
"4954A","444A",7
"4954A","444B",0
"4954A","445A",0
"4954A","446A",0
"4954A","447A",0
"4954A","448A",0
"4954A","449A",0
"4954A","450A",0
"4954A","451A",0
"4954A","452A",0
"4954A","453A",0
"4954A","456A",7
"4954A","456P",0
"4954A","600H",0
"4954A","600P",0
"4954A","602C",0
"4954A","606G",0
"4954A","614A",0
"4954A","617A",0
"4954A","620A",0
"4954A","620C",49
"4954A","620D",8
"4954A","620E",0
"4954A","630A",0
"4954A","630T",0
"4954A","631A",0
"4954A","634A",0
"4954A","634B",0
"4954A","634C",0
"4954A","634D",0
"4954A","634E",0
"4954A","636A",0
"4954A","636B",0
"4954A","636C",0
"4954A","636E",6
"4954A","637C",0
"4954A","638A",0
"4954A","670C",0
"4954A","690H",0
"4828A","240P",0
"4828A","241A",0
"4828A","244G",0
"4828A","244K",0
"4828A","245R",0
"4828A","246F",0
"4828A","246R",0
"4828A","246T",0
"4828A","253A",0
"4828A","253H",0
"4828A","255B",0
"4828A","259L",0
"4828A","268R",0
"4828A","269E",0
"4828A","274L",0
"4828A","277Z",0
"4828A","278B",0
"4828A","282E",0
"4828A","289F",0
"4828A","295A",0
"4828A","297A",0
"4828A","297B",0
"4828A","306A",9
"4828A","307A",0
"4828A","308A",0
"4828A","308R",0
"4828A","309A",32
"4828A","309C",0
"4828A","310B",0
"4828A","310D",0
"4828A","310E",0
"4828A","310G",0
"4828A","310J",0
"4828A","310K",0
"4828A","310Q",0
"4828A","310S",41
"4828A","310T",14
"4828A","313A",0
"4828A","313D",0
"4828A","332A",26
"4828A","339A",0
"4828A","339B",0
"4828A","339C",0
"4828A","401A",0
"4828A","403A",16
"4828A","404C",0
"4828A","404D",0
"4828A","410N",0
"4828A","415A",0
"4828A","415B",0
"4828A","415D",0
"4828A","420A",0
"4828A","421A",7
"4828A","423A",0
"4828A","423C",0
"4828A","424A",0
"4828A","425A",0
"4828A","426A",0
"4828A","427A",0
"4828A","428A",0
"4828A","429A",0
"4828A","430A",0
"4828A","430M",0
"4828A","431A",0
"4828A","433A",9
"4828A","434A",0
"4828A","435A",0
"4828A","435B",0
"4828A","437A",0
"4828A","438A",0
"4828A","441C",0
"4828A","442A",0
"4828A","443A",0
"4828A","444A",0
"4828A","444B",0
"4828A","445A",0
"4828A","446A",0
"4828A","447A",0
"4828A","448A",0
"4828A","449A",0
"4828A","450A",0
"4828A","451A",0
"4828A","452A",0
"4828A","453A",0
"4828A","456A",0
"4828A","456P",0
"4828A","600H",0
"4828A","600P",0
"4828A","602C",0
"4828A","606G",0
"4828A","614A",0
"4828A","617A",0
"4828A","620A",0
"4828A","620C",16
"4828A","620D",0
"4828A","620E",0
"4828A","630A",0
"4828A","630T",0
"4828A","631A",0
"4828A","634A",0
"4828A","634B",0
"4828A","634C",0
"4828A","634D",0
"4828A","634E",0
"4828A","636A",0
"4828A","636B",0
"4828A","636C",0
"4828A","636E",0
"4828A","637C",0
"4828A","638A",0
"4828A","670C",0
"4828A","690H",0
"3165B","240P",7
"3165B","241A",0
"3165B","244G",0
"3165B","244K",0
"3165B","245R",0
"3165B","246F",0
"3165B","246R",0
"3165B","246T",0
"3165B","253A",0
"3165B","253H",0
"3165B","255B",0
"3165B","259L",0
"3165B","268R",0
"3165B","269E",0
"3165B","274L",0
"3165B","277Z",0
"3165B","278B",0
"3165B","282E",0
"3165B","289F",0
"3165B","295A",0
"3165B","297A",0
"3165B","297B",0
"3165B","306A",28
"3165B","307A",0
"3165B","308A",20
"3165B","308R",0
"3165B","309A",67
"3165B","309C",0
"3165B","310B",16
"3165B","310D",0
"3165B","310E",0
"3165B","310G",0
"3165B","310J",0
"3165B","310K",0
"3165B","310Q",0
"3165B","310S",79
"3165B","310T",76
"3165B","313A",0
"3165B","313D",0
"3165B","332A",56
"3165B","339A",0
"3165B","339B",0
"3165B","339C",0
"3165B","401A",0
"3165B","403A",58
"3165B","404C",0
"3165B","404D",0
"3165B","410N",0
"3165B","415A",7
"3165B","415B",0
"3165B","415D",0
"3165B","420A",28
"3165B","421A",77
"3165B","423A",0
"3165B","423C",0
"3165B","424A",0
"3165B","425A",0
"3165B","426A",0
"3165B","427A",0
"3165B","428A",0
"3165B","429A",13
"3165B","430A",0
"3165B","430M",0
"3165B","431A",0
"3165B","433A",60
"3165B","434A",52
"3165B","435A",0
"3165B","435B",0
"3165B","437A",10
"3165B","438A",0
"3165B","441C",0
"3165B","442A",30
"3165B","443A",0
"3165B","444A",0
"3165B","444B",0
"3165B","445A",0
"3165B","446A",0
"3165B","447A",17
"3165B","448A",0
"3165B","449A",0
"3165B","450A",9
"3165B","451A",8
"3165B","452A",9
"3165B","453A",0
"3165B","456A",13
"3165B","456P",0
"3165B","600H",0
"3165B","600P",0
"3165B","602C",0
"3165B","606G",0
"3165B","614A",0
"3165B","617A",0
"3165B","620A",0
"3165B","620C",21
"3165B","620D",0
"3165B","620E",0
"3165B","630A",0
"3165B","630T",0
"3165B","631A",0
"3165B","634A",0
"3165B","634B",0
"3165B","634C",17
"3165B","634D",0
"3165B","634E",0
"3165B","636A",0
"3165B","636B",0
"3165B","636C",0
"3165B","636E",0
"3165B","637C",0
"3165B","638A",0
"3165B","670C",0
"3165B","690H",0
"4958C","240P",0
"4958C","241A",0
"4958C","244G",0
"4958C","244K",0
"4958C","245R",0
"4958C","246F",0
"4958C","246R",0
"4958C","246T",0
"4958C","253A",0
"4958C","253H",0
"4958C","255B",0
"4958C","259L",0
"4958C","268R",0
"4958C","269E",0
"4958C","274L",0
"4958C","277Z",0
"4958C","278B",0
"4958C","282E",0
"4958C","289F",0
"4958C","295A",0
"4958C","297A",0
"4958C","297B",0
"4958C","306A",18
"4958C","307A",0
"4958C","308A",0
"4958C","308R",0
"4958C","309A",30
"4958C","309C",0
"4958C","310B",0
"4958C","310D",0
"4958C","310E",0
"4958C","310G",0
"4958C","310J",0
"4958C","310K",0
"4958C","310Q",0
"4958C","310S",46
"4958C","310T",31
"4958C","313A",0
"4958C","313D",0
"4958C","332A",38
"4958C","339A",6
"4958C","339B",0
"4958C","339C",0
"4958C","401A",13
"4958C","403A",17
"4958C","404C",0
"4958C","404D",0
"4958C","410N",0
"4958C","415A",9
"4958C","415B",0
"4958C","415D",0
"4958C","420A",0
"4958C","421A",14
"4958C","423A",0
"4958C","423C",0
"4958C","424A",6
"4958C","425A",0
"4958C","426A",0
"4958C","427A",0
"4958C","428A",0
"4958C","429A",0
"4958C","430A",0
"4958C","430M",0
"4958C","431A",0
"4958C","433A",9
"4958C","434A",0
"4958C","435A",0
"4958C","435B",0
"4958C","437A",7
"4958C","438A",0
"4958C","441C",0
"4958C","442A",0
"4958C","443A",0
"4958C","444A",0
"4958C","444B",36
"4958C","445A",0
"4958C","446A",0
"4958C","447A",0
"4958C","448A",0
"4958C","449A",0
"4958C","450A",0
"4958C","451A",0
"4958C","452A",0
"4958C","453A",0
"4958C","456A",0
"4958C","456P",0
"4958C","600H",0
"4958C","600P",0
"4958C","602C",0
"4958C","606G",0
"4958C","614A",0
"4958C","617A",0
"4958C","620A",0
"4958C","620C",7
"4958C","620D",0
"4958C","620E",0
"4958C","630A",0
"4958C","630T",0
"4958C","631A",0
"4958C","634A",0
"4958C","634B",0
"4958C","634C",0
"4958C","634D",0
"4958C","634E",0
"4958C","636A",0
"4958C","636B",0
"4958C","636C",0
"4958C","636E",0
"4958C","637C",0
"4958C","638A",0
"4958C","670C",0
"4958C","690H",0
"4431B","240P",0
"4431B","241A",0
"4431B","244G",0
"4431B","244K",0
"4431B","245R",0
"4431B","246F",0
"4431B","246R",0
"4431B","246T",0
"4431B","253A",0
"4431B","253H",0
"4431B","255B",0
"4431B","259L",0
"4431B","268R",0
"4431B","269E",0
"4431B","274L",0
"4431B","277Z",0
"4431B","278B",0
"4431B","282E",0
"4431B","289F",0
"4431B","295A",0
"4431B","297A",0
"4431B","297B",0
"4431B","306A",11
"4431B","307A",0
"4431B","308A",0
"4431B","308R",0
"4431B","309A",67
"4431B","309C",0
"4431B","310B",0
"4431B","310D",0
"4431B","310E",0
"4431B","310G",0
"4431B","310J",0
"4431B","310K",0
"4431B","310Q",0
"4431B","310S",56
"4431B","310T",40
"4431B","313A",0
"4431B","313D",0
"4431B","332A",14
"4431B","339A",0
"4431B","339B",0
"4431B","339C",0
"4431B","401A",0
"4431B","403A",19
"4431B","404C",0
"4431B","404D",0
"4431B","410N",0
"4431B","415A",0
"4431B","415B",0
"4431B","415D",0
"4431B","420A",0
"4431B","421A",48
"4431B","423A",0
"4431B","423C",0
"4431B","424A",0
"4431B","425A",0
"4431B","426A",0
"4431B","427A",0
"4431B","428A",0
"4431B","429A",0
"4431B","430A",0
"4431B","430M",0
"4431B","431A",0
"4431B","433A",42
"4431B","434A",0
"4431B","435A",0
"4431B","435B",0
"4431B","437A",0
"4431B","438A",0
"4431B","441C",0
"4431B","442A",0
"4431B","443A",0
"4431B","444A",0
"4431B","444B",0
"4431B","445A",0
"4431B","446A",0
"4431B","447A",0
"4431B","448A",0
"4431B","449A",0
"4431B","450A",0
"4431B","451A",0
"4431B","452A",0
"4431B","453A",0
"4431B","456A",16
"4431B","456P",0
"4431B","600H",0
"4431B","600P",0
"4431B","602C",0
"4431B","606G",0
"4431B","614A",0
"4431B","617A",0
"4431B","620A",0
"4431B","620C",31
"4431B","620D",0
"4431B","620E",0
"4431B","630A",0
"4431B","630T",0
"4431B","631A",0
"4431B","634A",0
"4431B","634B",0
"4431B","634C",0
"4431B","634D",0
"4431B","634E",0
"4431B","636A",0
"4431B","636B",0
"4431B","636C",0
"4431B","636E",0
"4431B","637C",0
"4431B","638A",0
"4431B","670C",0
"4431B","690H",0
"3045A","240P",0
"3045A","241A",0
"3045A","244G",0
"3045A","244K",0
"3045A","245R",0
"3045A","246F",0
"3045A","246R",0
"3045A","246T",0
"3045A","253A",0
"3045A","253H",0
"3045A","255B",0
"3045A","259L",0
"3045A","268R",0
"3045A","269E",0
"3045A","274L",0
"3045A","277Z",0
"3045A","278B",0
"3045A","282E",0
"3045A","289F",0
"3045A","295A",0
"3045A","297A",0
"3045A","297B",0
"3045A","306A",10
"3045A","307A",0
"3045A","308A",0
"3045A","308R",0
"3045A","309A",20
"3045A","309C",0
"3045A","310B",7
"3045A","310D",0
"3045A","310E",0
"3045A","310G",0
"3045A","310J",0
"3045A","310K",0
"3045A","310Q",0
"3045A","310S",38
"3045A","310T",36
"3045A","313A",0
"3045A","313D",0
"3045A","332A",23
"3045A","339A",0
"3045A","339B",0
"3045A","339C",0
"3045A","401A",0
"3045A","403A",30
"3045A","404C",0
"3045A","404D",0
"3045A","410N",0
"3045A","415A",16
"3045A","415B",0
"3045A","415D",0
"3045A","420A",0
"3045A","421A",12
"3045A","423A",0
"3045A","423C",0
"3045A","424A",0
"3045A","425A",0
"3045A","426A",0
"3045A","427A",0
"3045A","428A",0
"3045A","429A",0
"3045A","430A",0
"3045A","430M",0
"3045A","431A",0
"3045A","433A",11
"3045A","434A",0
"3045A","435A",0
"3045A","435B",0
"3045A","437A",0
"3045A","438A",0
"3045A","441C",0
"3045A","442A",0
"3045A","443A",0
"3045A","444A",0
"3045A","444B",0
"3045A","445A",0
"3045A","446A",0
"3045A","447A",8
"3045A","448A",0
"3045A","449A",0
"3045A","450A",11
"3045A","451A",0
"3045A","452A",0
"3045A","453A",0
"3045A","456A",0
"3045A","456P",0
"3045A","600H",0
"3045A","600P",0
"3045A","602C",0
"3045A","606G",0
"3045A","614A",0
"3045A","617A",0
"3045A","620A",0
"3045A","620C",0
"3045A","620D",0
"3045A","620E",0
"3045A","630A",0
"3045A","630T",0
"3045A","631A",0
"3045A","634A",0
"3045A","634B",0
"3045A","634C",0
"3045A","634D",0
"3045A","634E",0
"3045A","636A",0
"3045A","636B",0
"3045A","636C",0
"3045A","636E",0
"3045A","637C",0
"3045A","638A",0
"3045A","670C",0
"3045A","690H",0
"4829A","240P",0
"4829A","241A",0
"4829A","244G",0
"4829A","244K",0
"4829A","245R",0
"4829A","246F",0
"4829A","246R",0
"4829A","246T",0
"4829A","253A",0
"4829A","253H",0
"4829A","255B",0
"4829A","259L",0
"4829A","268R",0
"4829A","269E",0
"4829A","274L",0
"4829A","277Z",0
"4829A","278B",0
"4829A","282E",0
"4829A","289F",0
"4829A","295A",0
"4829A","297A",0
"4829A","297B",0
"4829A","306A",0
"4829A","307A",0
"4829A","308A",0
"4829A","308R",0
"4829A","309A",38
"4829A","309C",0
"4829A","310B",0
"4829A","310D",0
"4829A","310E",0
"4829A","310G",0
"4829A","310J",0
"4829A","310K",0
"4829A","310Q",0
"4829A","310S",22
"4829A","310T",18
"4829A","313A",0
"4829A","313D",0
"4829A","332A",15
"4829A","339A",0
"4829A","339B",0
"4829A","339C",0
"4829A","401A",0
"4829A","403A",14
"4829A","404C",0
"4829A","404D",0
"4829A","410N",0
"4829A","415A",0
"4829A","415B",0
"4829A","415D",0
"4829A","420A",0
"4829A","421A",16
"4829A","423A",0
"4829A","423C",0
"4829A","424A",0
"4829A","425A",0
"4829A","426A",0
"4829A","427A",0
"4829A","428A",0
"4829A","429A",0
"4829A","430A",0
"4829A","430M",0
"4829A","431A",0
"4829A","433A",20
"4829A","434A",0
"4829A","435A",0
"4829A","435B",0
"4829A","437A",0
"4829A","438A",0
"4829A","441C",0
"4829A","442A",0
"4829A","443A",0
"4829A","444A",0
"4829A","444B",0
"4829A","445A",0
"4829A","446A",0
"4829A","447A",0
"4829A","448A",0
"4829A","449A",0
"4829A","450A",0
"4829A","451A",0
"4829A","452A",0
"4829A","453A",0
"4829A","456A",0
"4829A","456P",0
"4829A","600H",0
"4829A","600P",0
"4829A","602C",0
"4829A","606G",0
"4829A","614A",0
"4829A","617A",0
"4829A","620A",0
"4829A","620C",0
"4829A","620D",0
"4829A","620E",0
"4829A","630A",0
"4829A","630T",0
"4829A","631A",0
"4829A","634A",0
"4829A","634B",0
"4829A","634C",0
"4829A","634D",0
"4829A","634E",0
"4829A","636A",0
"4829A","636B",0
"4829A","636C",0
"4829A","636E",0
"4829A","637C",0
"4829A","638A",0
"4829A","670C",0
"4829A","690H",0
"4952A","240P",0
"4952A","241A",0
"4952A","244G",0
"4952A","244K",0
"4952A","245R",0
"4952A","246F",0
"4952A","246R",0
"4952A","246T",0
"4952A","253A",0
"4952A","253H",0
"4952A","255B",0
"4952A","259L",0
"4952A","268R",0
"4952A","269E",0
"4952A","274L",0
"4952A","277Z",0
"4952A","278B",0
"4952A","282E",0
"4952A","289F",0
"4952A","295A",0
"4952A","297A",0
"4952A","297B",0
"4952A","306A",8
"4952A","307A",0
"4952A","308A",7
"4952A","308R",0
"4952A","309A",27
"4952A","309C",0
"4952A","310B",0
"4952A","310D",0
"4952A","310E",0
"4952A","310G",0
"4952A","310J",0
"4952A","310K",0
"4952A","310Q",0
"4952A","310S",24
"4952A","310T",11
"4952A","313A",0
"4952A","313D",6
"4952A","332A",18
"4952A","339A",0
"4952A","339B",0
"4952A","339C",0
"4952A","401A",0
"4952A","403A",11
"4952A","404C",0
"4952A","404D",0
"4952A","410N",0
"4952A","415A",0
"4952A","415B",0
"4952A","415D",0
"4952A","420A",0
"4952A","421A",0
"4952A","423A",0
"4952A","423C",0
"4952A","424A",0
"4952A","425A",0
"4952A","426A",0
"4952A","427A",0
"4952A","428A",0
"4952A","429A",0
"4952A","430A",0
"4952A","430M",0
"4952A","431A",0
"4952A","433A",14
"4952A","434A",11
"4952A","435A",0
"4952A","435B",0
"4952A","437A",0
"4952A","438A",0
"4952A","441C",0
"4952A","442A",0
"4952A","443A",0
"4952A","444A",6
"4952A","444B",0
"4952A","445A",0
"4952A","446A",0
"4952A","447A",0
"4952A","448A",0
"4952A","449A",0
"4952A","450A",0
"4952A","451A",0
"4952A","452A",0
"4952A","453A",0
"4952A","456A",6
"4952A","456P",0
"4952A","600H",0
"4952A","600P",0
"4952A","602C",0
"4952A","606G",0
"4952A","614A",0
"4952A","617A",0
"4952A","620A",0
"4952A","620C",6
"4952A","620D",0
"4952A","620E",0
"4952A","630A",0
"4952A","630T",0
"4952A","631A",0
"4952A","634A",0
"4952A","634B",0
"4952A","634C",0
"4952A","634D",0
"4952A","634E",6
"4952A","636A",0
"4952A","636B",0
"4952A","636C",0
"4952A","636E",0
"4952A","637C",0
"4952A","638A",0
"4952A","670C",0
"4952A","690H",0
